wnA8wUyu	work/weekly-2026-09-28/pages/company-crest-consulting.html	ok
Ja8smZ2o	work/weekly-2026-09-28/pages/company-rush-builders.html	ok
W0P3tNFw	work/weekly-2026-09-28/pages/strong-heather-griffiths.html	ok
XRbBTenE	work/weekly-2026-09-28/pages/linear-robert-crotty.html	ok
Jj6onNyN	work/weekly-2026-09-28/pages/linear-paul-ravel.html	ok
s0HsNCqI	work/weekly-2026-09-28/pages/company-brickwall-adjusters.html	ok
ODDr9ncY	work/weekly-2026-09-28/pages/linear-daniel-ferrel.html	ok
aIM59lx4	work/weekly-2026-09-28/pages/strong-patrick-nations.html	ok
2DU3Yn4s	work/weekly-2026-09-28/pages/linear-tony-saldana.html	ok
wDPxEfiY	work/weekly-2026-09-28/pages/linear-samuel-mata.html	ok
25QtA1lt	work/weekly-2026-09-28/pages/linear-michael-lakomowski.html	ok
TfzADIHb	work/weekly-2026-09-28/pages/company-gulf-coast-public-adjusting.html	ok
Bg4GfzIQ	work/weekly-2026-09-28/pages/company-infinite-roofing-rusty-coffman.html	ok
97LkciO7	work/weekly-2026-09-28/pages/linear-bo-serros.html	ok
