work/pages/linear-mazin-shahin.html	KWAdeHFs
work/pages/linear-jose-hernandez.html	30CwlAn3
work/pages/linear-patrick-davis.html	EnZXkDw7
work/pages/linear-mike-stokes.html	5KvGYbFK
work/pages/linear-michael-hopkins.html	fnd4kGBs
work/pages/linear-tomas-cuevas.html	aK1bDxHz
work/pages/linear-jose-diaz.html	58SNDLNB
work/pages/linear-daniel-ferrel.html	ODDr9ncY
work/pages/linear-paul-bowen.html	NsLO2nOG
work/pages/linear-kevin-shuford.html	aSvey7GM
work/pages/linear-samuel-mata.html	wDPxEfiY
work/pages/linear-marcus-stein.html	aDBxl6nR
